scheme_name,returns_5yr,risk_level,returns_1yr,returns_3yr,risk_category
Aditya Birla SL Active Debt Multi-Mgr FoF-Dir Growth,6.9,3,4.0,6.5,medium
Aditya Birla SL Arbitrage Fund,5.5,1,5.6,4.8,low
Aditya Birla SL Asset Allocator FoF-Dir Growth,9.7,5,2.0,18.9,high
Aditya Birla SL Bal Bhavishya Yojna – Dir Growth,8.9,6,-0.7,17.1,high
Aditya Birla SL Balanced Advantage Fund,9.7,6,4.5,18.6,high
Aditya Birla SL Banking&Financial Services-DirGrowth,9.2,6,5.3,24.6,high
Aditya Birla SL Banking&PSU Debt Fund,7.3,3,4.5,6.8,medium
Aditya Birla SL CEF – Global Agri Plan-Direct Growth,9.3,6,-10.3,29.4,high
Aditya Birla SL Corporate Bond Fund,7.4,2,4.9,7.1,low
Aditya Birla SL Credit Risk Fund,7.2,4,8.7,9.0,medium
Aditya Birla SL Digital India Fund,21.1,6,-14.6,39.8,high
Aditya Birla SL Dividend Yield Fund,10.0,6,6.2,30.5,high
Aditya Birla SL Dynamic Bond Fund,6.0,3,7.5,8.0,medium
Aditya Birla SL Equity Advantage Fund,7.9,6,-9.9,22.3,high
Aditya Birla SL Equity Hybrid ’95 Fund,7.7,6,-5.7,20.4,high
Aditya Birla SL Equity Savings Fund,6.9,4,0.8,11.7,medium
Aditya Birla SL Flexi Cap Fund,10.4,6,-2.1,25.0,high
Aditya Birla SL Floating Rate Fund,6.8,2,5.8,6.4,low
Aditya Birla SL Focused Equity Fund,10.7,6,-0.7,24.0,high
Aditya Birla SL FP FoF – Aggressive – Direct Growth,10.7,6,2.5,21.7,high
Aditya Birla SL FP FoF – Conservative – Direct Growth,8.2,4,4.7,13.3,medium
Aditya Birla SL FP FoF – Moderate – Direct Growth,9.4,5,3.7,17.3,high
Aditya Birla SL Frontline Equity Fund,10.6,6,1.6,26.3,high
Aditya Birla SL Global Emerging Oppt Fund,8.3,6,-5.7,18.8,high
Aditya Birla SL Gold Fund,13.2,5,11.8,12.1,high
Aditya Birla SL Govt Securities Fund,8.0,3,3.6,6.0,medium
Aditya Birla SL Income Fund,7.7,3,3.5,7.1,medium
Aditya Birla SL India GenNext Fund,13.3,6,4.6,25.0,high
Aditya Birla SL Infrastructure Fund,9.2,6,13.5,35.6,high
Aditya Birla SL Inter Equity – Plan A-Direct Growth,10.4,6,0.9,17.7,high
Aditya Birla SL Inter Equity – Plan B-Direct Growth,7.6,6,-4.1,22.7,high
Aditya Birla SL Liquid Fund,5.4,3,5.7,4.4,medium
Aditya Birla SL Low Duration Fund,7.0,3,5.7,6.5,medium
Aditya Birla SL Manufacturing Equity Fund,6.8,6,-2.9,21.7,high
Aditya Birla SL Medium Term Plan – Direct Growth,8.6,4,22.1,14.5,medium
Aditya Birla SL Midcap Fund,8.3,6,-3.6,28.0,high
Aditya Birla SL Money Manager Fund,6.4,3,5.6,5.6,medium
Aditya Birla SL Nifty 50 Index Fund,11.6,6,0.7,25.5,high
Aditya Birla SL Overnight Fund,8.9,1,5.4,3.9,low
Aditya Birla SL Pure Value Fund,4.3,6,3.0,29.8,high
Aditya Birla SL Regular Savings Fund,7.6,4,3.6,13.9,medium
Aditya Birla SL Retirement-The 30s Plan-Dir Growth,8.9,6,0.0,17.9,high
Aditya Birla SL Retirement-The 40s Plan-Dir Growth,8.9,6,-0.1,15.0,high
Aditya Birla SL Retirement-The 50s Plan-Dir Growth,8.9,4,3.0,4.6,medium
Aditya Birla SL Retirement-The 50sPlus-Debt-DirGrowth,8.9,3,2.9,4.6,medium
Aditya Birla SL Savings Fund,6.5,3,5.5,5.8,medium
Aditya Birla SL Short Term Fund,7.6,3,5.5,7.8,medium
Aditya Birla SL Small Cap Fund,5.4,6,-2.3,31.6,high
Aditya Birla SL Tax Relief ’96 – Direct Growth,5.8,6,-3.0,16.1,high
AXIS All Seasons Debt Fund,8.9,4,4.7,6.2,medium
AXIS Arbitrage Fund,5.6,1,5.6,4.9,low
AXIS Balanced Advantage Fund,8.0,6,1.2,12.4,high
AXIS Banking & PSU Debt Fund,7.2,3,4.5,6.4,medium
AXIS Bluechip Fund,12.1,6,-6.1,17.3,high
AXIS Children’s Gift Fund,10.1,6,-6.5,17.8,high
AXIS Corporate Debt Fund,7.3,3,4.9,7.5,medium
AXIS Credit Risk Fund,6.8,4,5.4,7.4,medium
AXIS Dynamic Bond Fund,7.7,3,3.4,6.5,medium
AXIS Equity Hybrid Fund,8.9,6,-4.9,17.4,high
AXIS Equity Saver Fund,8.8,4,1.4,12.7,medium
AXIS Flexi Cap Fund,12.3,6,-8.3,17.9,high
AXIS Floater Fund,8.9,2,5.8,18.52534678436317,low
AXIS Focused 25 Fund,8.9,6,-14.7,14.8,high
AXIS FTP – Series 104 – 1112Days,14.0,2,11.2,14.5,low
AXIS FTP – Series 109 – 111Days,14.0,3,11.2,14.5,medium
AXIS Gilt Fund,7.9,3,4.0,5.9,medium
AXIS Gold Fund,13.7,5,14.5,12.0,high
AXIS Growth Opportunities Fund,8.9,6,-6.4,26.5,high
AXIS Liquid Fund,5.4,2,5.7,4.3,low
AXIS Long Term Equity Fund,9.4,6,-11.1,15.7,high
AXIS Midcap Fund,15.8,6,-2.5,25.2,high
AXIS Money Market Fund,8.9,2,5.6,5.4,low
AXIS Nifty 100 Index Fund,8.9,6,-1.7,25.1,high
AXIS Overnight Fund,8.9,1,5.4,3.9,low
AXIS Regular Saver Fund,7.0,4,1.8,10.9,medium
AXIS Retirement Savings Fund,8.9,6,-1.3,13.6,high
AXIS Retirement Savings Fund,8.9,5,-2.5,10.3,high
AXIS Retirement Savings Fund,8.9,6,-4.1,14.0,high
AXIS Short Term Fund,7.4,3,4.9,6.9,medium
AXIS Small Cap Fund,19.4,6,3.4,34.5,high
AXIS Strategic Bond Fund,7.4,4,5.2,7.4,medium
AXIS Treasury Advantage Fund,6.6,2,5.3,5.9,low
AXIS Triple Advantage Fund,10.4,6,-5.1,18.1,high
AXIS Ultra Short Term Fund,8.9,3,5.7,5.4,medium
Bandhan Asset Allocation FoF – Moderate – Direct Growth,6.9,5,1.3,12.7,high
Bandhan FTP – Sr.179,8.9,3,4.4,6.2,medium
Bank of India Arbitrage Fund,8.9,1,4.2,3.4,low
Bank of India Balanced Advantage Fund,5.1,6,13.6,12.1,high
Bank of India Conservative Hybrid Fund,6.4,3,22.3,15.5,medium
Bank of India Credit Risk Fund,-4.1,4,130.8,12.8,medium
Bank of India Large & Mid Cap Equity Fund,9.5,6,2.7,25.6,high
Bank of India Liquid Fund,5.3,2,5.7,4.3,low
Bank of India Manufacturing & Infrastr Fund,11.5,6,7.6,35.4,high
Bank of India Mid & Small Cap Equity & Debt Fund,10.4,6,-0.3,29.3,high
Bank of India Midcap Tax Fund,10.6,6,-4.1,27.1,high
Bank of India Midcap Tax Fund,8.9,6,-4.7,26.0,high
Bank of India Overnight Fund,8.9,1,5.5,4.0,low
Bank of India Short Term Income – Direct Growth,4.0,2,28.3,8.8,low
Bank of India Small Cap Fund,8.9,6,-1.0,47.7,high
Bank of India Tax Advantage Fund,13.2,6,0.9,29.0,high
Bank of India Ultra Short Duration Fund,5.7,3,5.2,4.7,medium
Baroda BNP Paribas Aggressive Hybrid Fund,13.3,6,3.5,20.6,high
Baroda BNP Paribas Arbitrage Fund,5.6,1,5.2,4.6,low
Baroda BNP Paribas Balanced Advantage Fund,8.9,6,3.7,19.8,high
Baroda BNP Paribas Banking & PSU Bond Fund,8.9,2,2.5,18.52534678436317,low
Baroda BNP Paribas Banking&Fin Serv Fund,9.1,6,6.6,19.2,high
Baroda BNP Paribas Conservative Hybrid Fund,7.7,4,3.7,9.2,medium
Baroda BNP Paribas Corporate Bond Fund,4.4,2,2.8,5.6,low
Baroda BNP Paribas Credit Risk Fund,7.6,4,5.7,10.9,medium
Baroda BNP Paribas Dynamic Bond Fund,6.6,3,5.2,5.7,medium
Baroda BNP Paribas ELSS Fund,10.5,6,-2.4,20.4,high
Baroda BNP Paribas Equity Savings Fund,8.9,4,3.7,9.8,medium
Baroda BNP Paribas Focused Fund,9.9,6,0.5,23.1,high
Baroda BNP Paribas Gilt Fund,6.8,3,3.7,4.9,medium
Baroda BNP Paribas India Consumption Fund,8.9,6,5.2,23.3,high
Baroda BNP Paribas Large Cap Fund,12.8,6,3.0,23.5,high
Baroda BNP Paribas Liquid Fund,5.4,2,5.7,4.4,low
Baroda BNP Paribas Low Duration Fund,6.5,3,5.0,6.0,medium
Baroda BNP Paribas Medium Duration Fund,3.5,3,3.9,5.0,medium
Baroda BNP Paribas Mid Cap Fund,13.6,6,2.4,30.6,high
Baroda BNP Paribas Money Market Fund,8.9,2,5.0,4.1,low
Baroda BNP Paribas Multi Cap Fund,12.3,6,-1.7,28.8,high
Baroda BNP Paribas Overnight Fund,8.9,1,5.4,3.9,low
Baroda BNP Paribas Short Duration Fund,6.7,3,4.2,5.7,medium
Baroda BNP Paribas Ultra Short Duration Fund,8.9,2,5.7,5.1,low
BHARAT Bond FOF – April 2025 – Direct Growth,8.9,2,2.6,18.52534678436317,low
Canara Robeco Bluechip Equity Fund,14.4,6,1.7,24.3,high
Canara Robeco Conservative Hybrid Fund,9.4,4,3.8,11.4,medium
Canara Robeco Consumer Trends Fund,15.1,6,7.1,26.7,high
Canara Robeco Corporate Bond Fund,6.7,2,4.0,6.0,low
Canara Robeco Dynamic Bond Fund,6.6,3,4.7,5.3,medium
Canara Robeco Emerging Equities – Direct Growth,12.6,6,-0.2,27.0,high
Canara Robeco Equity Hybrid Fund,12.2,6,1.8,20.1,high
Canara Robeco Equity Tax Saver Fund,15.5,6,1.2,27.7,high
Canara Robeco Flexi Cap Fund,13.8,6,-0.9,24.8,high
Canara Robeco Gilt Fund,7.0,3,4.3,5.1,medium
Canara Robeco Income Fund,7.0,3,3.9,5.8,medium
Canara Robeco Infrastructure – Direct Growth,12.2,6,13.7,34.9,high
Canara Robeco Liquid Fund,5.1,2,5.6,4.1,low
Canara Robeco Overnight Fund,8.9,1,5.3,3.9,low
Canara Robeco Savings Fund,5.9,2,5.0,5.2,low
Canara Robeco Short Duration Fund,6.5,2,4.1,5.9,low
Canara Robeco Small Cap Fund,8.9,6,-0.6,51.8,high
Canara Robeco Ultra Short Term Fund,5.3,2,5.2,4.5,low
DSP Arbitrage Fund,5.4,1,5.6,4.6,low
DSP Banking & Psu Debt Fund,6.9,2,4.0,6.4,low
DSP Bond Fund,4.9,3,3.8,6.1,medium
DSP Corporate Bond Fund,8.9,3,2.6,5.6,medium
DSP Credit Risk Fund,4.5,4,10.8,6.6,medium
DSP Dynamic Asset Allocation Fund,8.3,5,1.7,12.2,high
DSP Equity & Bond Fund,10.7,6,0.6,18.7,high
DSP Equity Opportunities Fund,11.7,6,3.2,31.6,high
DSP Equity Savings Fund,7.8,4,4.0,14.6,medium
DSP Flexi Cap Fund,12.0,6,-0.1,22.8,high
DSP Floater Fund,8.9,2,4.4,18.52534678436317,low
DSP Focus Fund,8.9,6,-1.7,20.4,high
DSP Global Allocation Fund,7.9,6,0.6,12.6,high
DSP G-Sec Fund,8.6,3,4.4,5.9,medium
DSP Healthcare Fund,8.9,6,-3.6,26.9,high
DSP India T.I.G.E.R. Fund,11.9,6,15.8,36.4,high
DSP Liquidity Fund,5.3,3,5.6,4.3,medium
DSP Low Duration Fund,6.3,2,5.1,5.5,low
DSP Midcap Fund,9.5,6,-3.9,21.1,high
DSP Natural Resources & New Energy – Direct Growth,12.0,6,-0.7,44.3,high
DSP Nifty 50 Equal Weight Index Fund,10.7,6,2.2,30.9,high
DSP Nifty 50 Index Fund,8.9,6,0.9,25.8,high
DSP Nifty Next 50 Index Fund,8.9,6,-6.3,21.8,high
DSP Overnight Fund,8.9,1,5.4,3.9,low
DSP Regular Savings Fund,6.0,3,3.0,10.8,medium
DSP Savings Fund,5.9,3,5.0,5.3,medium
DSP Short Term Fund,6.7,2,4.1,6.1,low
DSP Small Cap Fund,12.5,6,0.7,38.9,high
DSP Strategic Bond Fund,7.3,2,3.0,5.4,low
DSP Tax Saver Fund,13.3,6,1.8,28.8,high
DSP Top 100 Equity Fund,8.9,6,3.6,21.8,high
DSP Ultra Short Fund,5.5,2,5.5,4.9,low
DSP US Flexible Equity Fund,13.6,6,2.2,23.8,high
DSP World Gold Fund,10.2,6,-9.0,14.8,high
DSP World Mining Fund,15.0,6,-5.4,37.1,high
Edelweiss Aggressive Hybrid Fund,13.0,6,6.5,24.6,high
Edelweiss Arbitrage Fund,5.7,1,5.8,5.0,low
Edelweiss Balanced Advantage Fund,12.0,6,2.9,18.5,high
Edelweiss Banking & Psu Debt Fund,7.9,3,3.5,6.9,medium
Edelweiss Equity Savings Fund,9.0,4,4.4,12.1,medium
Edelweiss Europe Dynamic Equity Offshore – Dir Growth,7.6,6,9.2,25.2,high
Edelweiss Flexi Cap Fund,12.1,6,1.9,27.5,high
Edelweiss Govt Securities Fund,8.2,3,4.3,6.8,medium
Edelweiss Greater China Equity Off-Shore Fund,6.1,6,-4.1,9.0,high
Edelweiss Large & Mid Cap Fund,13.2,6,1.2,27.8,high
Edelweiss Large Cap Fund,12.8,6,4.9,26.0,high
Edelweiss Liquid Fund,5.4,3,5.6,4.4,medium
Edelweiss Long Term Equity Fund,10.2,6,0.9,25.6,high
Edelweiss Mid Cap Fund,14.0,6,4.9,35.5,high
Edelweiss Money Market Fund,7.3,2,4.9,4.7,low
Edelweiss Overnight Fund,8.9,1,5.3,3.9,low
Edelweiss Recently Listed IPO Fund,10.9,6,-13.8,24.3,high
Edelweiss Small Cap Fund,8.9,6,3.0,42.5,high
Edelweiss US Value Equity Offshore Fund,11.5,6,2.0,23.8,high
Franklin Build India Fund,13.3,6,16.0,36.1,high
Franklin India Banking & PSU Debt Fund,7.2,2,4.2,6.1,low
Franklin India Bluechip Fund,9.7,6,-1.0,25.1,high
Franklin India Corporate Debt Fund,7.0,2,4.4,6.3,low
Franklin India Debt Hybrid Fund,7.0,4,5.1,9.8,medium
Franklin India Dynamic Asset Allocation FoFs-Dir-G,9.2,4,5.9,18.2,medium
Franklin India Equity Advantage Fund,9.2,6,-0.9,27.7,high
Franklin India Equity Hybrid Fund,11.0,6,5.3,22.5,high
Franklin India Equity Savings Fund,8.9,3,4.8,14.0,medium
Franklin India Feeder – Franklin U.S. Opp.-Dir Growth,11.6,6,-12.1,17.4,high
Franklin India Flexi Cap Fund,12.0,6,3.8,31.1,high
Franklin India Floating Rate Fund,6.2,2,5.8,5.6,low
Franklin India Focused Equity Fund,12.9,6,5.1,30.9,high
Franklin India G-Sec Fund,6.3,3,3.5,4.1,medium
Franklin India Liquid Fund,5.4,2,5.6,4.3,low
Franklin India Multi-Asset Solution Fund,5.3,4,4.1,8.7,medium
Franklin India NSE Nifty 50 Index Fund,11.6,6,0.9,25.6,high
Franklin India Opportunities Fund,11.5,6,7.9,31.0,high
Franklin India Overnight Fund,8.9,1,5.3,3.8,low
Franklin India Prima Fund,10.0,6,4.5,26.6,high
Franklin India Savings Fund,6.1,2,5.3,5.2,low
Franklin India Smaller Companies Fund,11.2,6,10.5,38.8,high
Franklin India Taxshield – Direct Growth,11.4,6,4.9,29.3,high
Franklin India Technology Fund,15.9,6,-11.9,29.9,high
HDFC Arbitrage Fund,5.2,1,5.6,4.5,low
HDFC Balanced Advantage Fund,12.9,6,14.4,29.3,high
HDFC Banking and PSU Debt Fund,7.2,2,4.3,6.8,low
HDFC Capital Builder Value Fund,11.3,6,-0.7,33.7,high
HDFC Children’s Gift Fund,12.9,6,10.5,26.8,high
HDFC Corporate Bond Fund,7.3,3,4.1,6.9,medium
HDFC Credit Risk Debt Fund,7.7,4,4.6,8.0,medium
HDFC Dynamic Debt Fund,6.1,3,4.6,7.3,medium
HDFC Dynamic PE Ratio Fund,11.1,5,8.6,21.9,high
HDFC Equity Savings Fund,8.8,4,5.1,16.0,medium
HDFC Flexi Cap Fund,14.0,6,12.4,34.5,high
HDFC Floating Rate Debt Fund,6.9,3,5.6,6.5,medium
HDFC Focused 30 Fund,11.9,6,16.0,35.8,high
HDFC Gilt Fund,6.4,3,3.6,4.9,medium
HDFC Gold Fund,13.4,5,14.2,12.3,high
HDFC Housing Opportunities Fund,7.9,6,9.8,27.1,high
HDFC Hybrid Debt Fund,8.4,4,6.0,13.3,medium
HDFC Hybrid Equity Fund,11.3,6,7.7,25.6,high
HDFC Income Fund,6.1,3,3.8,5.2,medium
HDFC Index Fund,12.8,6,2.4,25.8,high
HDFC Index Fund,12.0,6,0.9,26.0,high
HDFC Infrastructure Fund,5.3,6,16.5,34.3,high
HDFC Large and Mid Cap Fund,12.8,6,6.3,33.3,high
HDFC Liquid Fund,5.3,2,5.6,4.3,low
HDFC Low Duration Fund,6.7,2,5.4,6.2,low
HDFC Medium Term Debt Fund,7.4,4,4.1,6.9,medium
HDFC Mid-Cap Opportunities Fund,13.1,6,11.9,34.2,high
HDFC Money Market Fund,6.3,3,5.6,5.6,medium
HDFC Multi-Asset Fund,10.9,6,6.9,23.0,high
HDFC Overnight Fund,4.6,1,5.3,3.8,low
HDFC Retirement Savings Fund,14.8,6,11.6,34.9,high
HDFC Retirement Savings Fund,12.3,6,8.0,24.5,high
HDFC Retirement Savings Fund,7.8,4,6.0,10.3,medium
HDFC Short Term Debt Fund,7.3,3,4.7,7.0,medium
HDFC Small Cap Fund,13.5,6,12.5,43.5,high
HDFC Tax Saver Fund,10.3,6,10.0,31.0,high
HDFC Top 100 Fund,11.9,6,6.6,28.6,high
HDFC Ultra Short Term Fund,8.9,3,5.4,5.5,medium
HSBC Aggressive Hybrid Fund,8.1,6,-1.2,19.5,high
HSBC Arbitrage Fund,5.5,1,5.4,4.7,low
HSBC Asia Pacific (Ex Japan) DYF – Direct Growth,5.7,6,-4.2,13.6,high
HSBC Balanced Advantage Fund,8.0,4,3.5,13.4,medium
HSBC Banking and PSU Debt Fund,6.5,3,2.2,6.0,medium
HSBC Business Cycles Fund,8.7,6,7.0,28.0,high
HSBC Conservative Hybrid Fund,7.5,4,2.3,10.3,medium
HSBC Corporate Bond Fund,13.3,2,1.7,32.4,low
HSBC Corporate Bond Fund,7.6,3,3.3,6.6,medium
HSBC Credit Risk Fund,5.1,4,4.8,5.7,medium
HSBC Dynamic Bond Fund,6.8,3,4.7,5.4,medium
HSBC ELSS Fund,8.0,6,-1.2,24.1,high
HSBC Equity Hybrid Fund,13.3,6,1.7,32.4,high
HSBC Equity Savings Fund,7.5,3,2.9,15.5,medium
HSBC Flexi Cap Fund,9.2,6,-1.2,26.4,high
HSBC Flexi Debt Fund,13.3,3,1.7,32.4,medium
HSBC Gilt Fund,7.1,3,5.0,5.4,medium
HSBC Infrastructure Fund,9.3,6,11.3,33.6,high
HSBC Large & Mid Cap Fund,8.9,6,-0.6,25.6,high
HSBC Large Cap Fund,10.6,6,0.0,23.3,high
HSBC Liquid Fund,5.3,2,5.7,4.3,low
HSBC Low Duration Fund,5.8,2,5.2,5.6,low
HSBC Managed Solutions Conservative Fund,5.9,3,3.2,6.7,medium
HSBC Managed Solutions Growth Fund,9.2,6,0.6,22.2,high
HSBC Managed Solutions Moderate Fund,8.7,5,1.2,19.0,high
HSBC Medium Duration Fund,6.7,3,4.2,7.0,medium
HSBC Medium to Long Duration Fund,6.5,3,2.7,4.5,medium
HSBC Midcap Fund,8.8,6,2.3,26.1,high
HSBC Money Market Fund,6.0,2,5.2,4.9,low
HSBC Overnight Fund,8.9,1,5.4,3.9,low
HSBC Short Duration Fund,6.7,2,3.8,6.0,low
HSBC Small Cap Fund,12.7,6,5.1,44.7,high
HSBC Tax Saver Equity Fund,8.9,6,-2.2,24.7,high
HSBC Ultra Short Duration Fund,8.9,2,5.5,5.1,low
HSBC Value Fund,11.6,6,6.8,33.0,high
ICICI Pru All Seasons Bond Fund,8.2,3,6.5,7.5,medium
ICICI Pru Asset Allocator Fund,12.8,4,8.8,21.6,medium
ICICI Pru Balanced Advantage Fund,10.4,5,6.7,19.7,high
ICICI Pru Banking & Financial Services – DirectGrowth,9.7,6,7.0,24.9,high
ICICI Pru Banking & PSU Debt Fund,7.2,2,5.8,6.9,low
ICICI Pru BHARAT 22 FOF  – Direct Growth,8.9,6,22.1,35.0,high
ICICI Pru Bharat Consumption Fund,8.9,6,10.2,22.7,high
ICICI Pru Bluechip Fund,12.3,6,4.4,28.2,high
ICICI Pru Bond Fund,7.3,3,5.2,6.9,medium
ICICI Pru Child Care Fund,8.8,6,1.0,19.8,high
ICICI Pru Corporate Bond Fund,7.3,2,5.8,7.0,low
ICICI Pru Credit Risk Fund,8.1,4,5.8,8.0,medium
ICICI Pru Debt Management Fund,7.0,3,5.8,6.7,medium
ICICI Pru Dividend Yield Equity Fund,12.1,6,8.5,37.6,high
ICICI Pru Equity & Debt Fund,14.3,6,6.8,30.6,high
ICICI Pru Equity – Arbitrage Fund,5.5,1,5.6,4.8,low
ICICI Pru Equity Savings Fund,7.9,2,6.2,12.7,low
ICICI Pru Exports and Services Fund,11.4,6,5.7,30.7,high
ICICI Pru Floating Interest Fund,7.2,2,6.3,7.0,low
ICICI Pru FMCG Fund,13.5,6,21.1,24.5,high
ICICI Pru Focused Equity Fund,13.4,6,6.1,31.2,high
ICICI Pru Gilt Fund,8.4,3,6.3,6.7,medium
ICICI Pru Global Stable Equity Fund,10.3,6,3.4,18.0,high
ICICI Pru Income Optimizer Fund,8.8,3,7.8,13.3,medium
ICICI Pru India Equity FOF – Direct Growth,8.9,6,4.9,32.2,high
ICICI Pru India Opportunities Fund,8.9,6,11.7,44.7,high
ICICI Pru Infrastructure Fund,15.1,6,24.3,44.0,high
ICICI Pru Large & Mid Cap Fund,13.7,6,9.5,33.2,high
ICICI Pru Liquid Fund,5.3,3,5.6,4.3,medium
ICICI Pru Long Term Equity Fund,11.5,6,-0.2,27.1,high
ICICI Pru Long Term Wealth Enhancement Fund,11.3,6,-0.7,33.7,high
ICICI Pru Manufacturing Fund,8.9,6,8.6,35.6,high
ICICI Pru Medium Term Bond Fund,7.6,4,5.6,7.7,medium
ICICI Pru MidCap Fund,11.1,6,3.9,32.9,high
ICICI Pru Money Market Fund,6.1,3,5.5,5.4,medium
ICICI Pru Multi-Asset Fund,14.2,6,11.3,31.3,high
ICICI Pru Multicap Fund,11.8,6,5.7,29.1,high
ICICI Pru Nifty 50 Index Fund,11.9,6,0.9,26.1,high
ICICI Pru Nifty Next 50 Index Fund,6.1,6,-6.4,22.0,high
ICICI Pru Overnight Fund,8.9,1,5.4,3.9,low
ICICI Pru P.H.D Fund,8.9,6,-6.0,25.0,high
ICICI Pru Passive Strategy Fund,10.9,6,4.9,26.3,high
ICICI Pru Regular Gold Savings Fund,13.1,5,14.3,11.7,high
ICICI Pru Regular Savings Fund,9.0,4,5.5,11.3,medium
ICICI Pru Retirement Fund,8.9,6,0.1,31.3,high
ICICI Pru Retirement Fund,13.3,6,1.7,32.4,high
ICICI Pru Retirement Fund,8.9,4,2.0,9.9,medium
ICICI Pru Retirement Fund,8.9,3,4.6,6.8,medium
ICICI Pru S&P BSE Sensex Index Fund,12.9,6,1.4,25.8,high
ICICI Pru Savings Fund,6.7,2,5.7,6.2,low
ICICI Pru Short Term Fund,7.7,3,6.4,7.5,medium
ICICI Pru Smallcap Fund,14.9,6,7.7,41.8,high
ICICI Pru Technology Fund,21.6,6,-19.7,45.3,high
ICICI Pru Thematic Advantage Fund,14.6,6,5.4,35.4,high
ICICI Pru Ultra Short Term Fund,6.7,3,5.7,5.9,medium
ICICI Pru US Bluechip Equity Fund,15.9,6,4.8,23.4,high
ICICI Pru Value Discovery Fund,14.9,6,8.9,36.9,high
IDBI Banking & Financial Services Fund,8.9,6,4.8,20.3,high
IDBI Credit Risk Fund,3.7,4,4.3,11.3,medium
IDBI Dividend Yield Fund,8.9,6,0.1,25.2,high
IDBI Equity Advantage Fund,11.3,6,-0.7,33.7,high
IDBI Equity Savings Fund,7.2,4,2.5,11.8,medium
IDBI Focused 30 Equity Fund,10.2,6,0.1,25.2,high
IDBI Gold Fund,12.9,5,15.0,12.1,high
IDBI Healthcare Fund,8.9,6,-13.0,17.1,high
IDBI Hybrid Equity Fund,7.0,6,-1.8,17.5,high
IDBI India Top 100 Equity Fund,12.4,6,0.5,26.0,high
IDBI Liquid Fund,5.4,2,5.6,4.4,low
IDBI Long Term Value Fund,8.9,6,-0.1,25.4,high
IDBI Midcap Fund,7.7,6,-2.9,25.1,high
IDBI Nifty 50 Index Fund,11.8,6,0.8,25.8,high
IDBI Nifty Next 50 Index Fund,6.2,6,-6.1,21.8,high
IDBI Short Term Bond Fund,6.9,2,4.1,9.4,low
IDBI Small Cap Fund,12.6,6,2.1,38.5,high
IDBI Ultra Short Term Fund,5.9,2,5.4,5.1,low
IIFL Dynamic Bond Fund,6.5,3,3.3,6.0,medium
IIFL Focused Equity Fund,18.1,6,4.7,29.2,high
IIFL Liquid Fund,4.8,3,5.5,3.9,medium
Indiabulls Arbitrage Fund,4.5,1,4.3,3.3,low
Indiabulls Bluechip Fund,9.5,6,2.0,21.3,high
Indiabulls Dynamic Bond Fund,8.9,3,4.2,5.2,medium
Indiabulls Equity Hybrid Fund,8.9,5,3.2,20.5,high
Indiabulls Liquid Fund,5.2,2,5.4,4.0,low
Indiabulls Overnight Fund,8.9,1,5.2,3.8,low
Indiabulls Short Term Fund,5.9,3,4.4,5.1,medium
Indiabulls Tax Savings Fund,7.8,6,1.0,22.3,high
Indiabulls Value Fund,6.3,6,-0.2,25.6,high
Invesco India – Invesco GEI Fund,9.5,6,9.5,24.4,high
Invesco India Arbitrage Fund,5.6,1,6.4,5.0,low
Invesco India Banking & PSU Debt Fund,6.4,3,2.3,5.8,medium
Invesco India Contra Fund,12.3,6,2.8,27.6,high
Invesco India Corporate Bond Fund,6.9,2,3.7,6.4,low
Invesco India Credit Risk Fund,3.5,2,4.4,6.0,low
Invesco India Dynamic Equity Fund,7.4,6,3.9,15.4,high
Invesco India Equity & Bond Fund,8.9,6,1.5,17.4,high
Invesco India Equity Savings Fund,8.9,4,1.2,9.6,medium
Invesco India Financial Services Fund,10.9,6,5.9,22.6,high
Invesco India Gilt Fund,6.7,2,4.9,4.2,low
Invesco India Gold Fund,13.2,5,13.2,11.5,high
Invesco India Growth Opportunities Fund,11.0,6,0.8,22.8,high
Invesco India Infrastructure Fund,14.6,6,8.9,33.2,high
Invesco India Largecap Fund,11.1,6,-1.8,24.0,high
Invesco India Liquid Fund,5.3,2,5.6,4.3,low
Invesco India Medium Duration Fund,8.9,3,3.5,18.52534678436317,medium
Invesco India Midcap Fund,14.6,6,0.2,33.5,high
Invesco India Money Market Fund,5.8,2,5.0,5.1,low
Invesco India Multicap Fund,11.0,6,1.4,27.0,high
Invesco India Overnight Fund,8.9,1,5.3,3.8,low
Invesco India PSU Equity Fund,12.6,6,16.2,26.5,high
Invesco India Short Term Fund,6.8,2,3.9,6.2,low
Invesco India Smallcap Fund,8.9,6,3.5,34.6,high
Invesco India Tax Plan – Direct Growth,10.8,6,-5.2,22.4,high
Invesco India Treasury Advantage Fund,6.4,2,4.9,5.6,low
Invesco India Ultra Short Term Fund,6.0,2,5.4,5.1,low
ITI Arbitrage Fund,8.9,1,3.9,3.3,low
ITI Balanced Advantage Fund,8.9,6,-0.2,12.3,high
ITI Banking & PSU Debt Fund,8.9,2,5.4,18.52534678436317,low
ITI Dynamic Bond Fund,8.9,2,5.7,18.52534678436317,low
ITI Liquid Fund,8.9,1,5.5,3.9,low
ITI Long Term Equity Fund,8.9,6,5.6,23.7,high
ITI Overnight Fund,8.9,1,5.2,3.8,low
ITI Small Cap Fund,8.9,6,6.5,29.4,high
ITI Ultra Short Duration Fund,8.9,2,5.3,18.52534678436317,low
JM Arbitrage Fund,4.5,1,5.4,3.7,low
JM Dynamic Bond Fund,6.1,2,4.8,6.0,low
JM Equity Hybrid Fund,11.2,6,8.0,29.5,high
JM Flexicap Fund,13.8,6,5.2,30.7,high
JM Focused Fund,8.6,6,3.1,19.4,high
JM Large Cap Fund,10.4,6,1.8,18.3,high
JM Liquid Fund,5.3,2,5.6,4.2,low
JM Low Duration Fund,5.3,2,5.1,11.5,low
JM Medium to Long Duration Fund,3.1,3,2.5,4.8,medium
JM Tax Gain Fund,12.8,6,0.9,26.2,high
JM Value Fund,12.4,6,7.7,28.9,high
Kotak Balanced Advantage Fund,8.9,6,5.5,18.1,high
Kotak Banking and PSU Debt Fund,7.5,3,4.7,6.7,medium
Kotak Bluechip Fund,12.6,6,3.3,26.8,high
Kotak Bond – Short Term Fund,7.2,3,4.4,6.5,medium
Kotak Bond Fund,7.7,2,4.1,6.4,low
Kotak Corporate Bond Fund,7.1,2,4.5,6.4,low
Kotak Credit Risk Fund,6.4,5,1.6,5.9,high
Kotak Debt Hybrid Fund,10.0,4,6.1,14.3,medium
Kotak Dynamic Bond Fund,7.8,3,3.9,6.6,medium
Kotak Emerging Equity Fund,15.2,6,6.6,34.0,high
Kotak Equity Arbitrage Fund,5.6,1,5.8,4.9,low
Kotak Equity Hybrid Fund,12.8,6,5.0,26.9,high
Kotak Equity Opportunities – Direct Growth,13.9,6,6.2,28.8,high
Kotak Equity Savings Fund,9.2,4,6.6,14.4,medium
Kotak Flexi Cap Fund,11.7,6,3.8,25.0,high
Kotak Floating Rate Fund,8.9,2,4.6,7.0,low
Kotak Focused Equity Fund,8.9,6,0.5,26.6,high
Kotak Gilt – Invest Plan – Direct Growth,8.4,2,5.2,6.3,low
Kotak Gilt Invest – PF & Trust Plan – Direct Growth,8.4,2,5.2,6.3,low
Kotak Gold Fund,13.7,5,14.2,12.2,high
Kotak India EQ Contra Fund,14.2,6,7.3,29.7,high
Kotak India Growth Fund,15.6,6,4.8,35.5,high
Kotak Infrastructure & Ecoc. Reform-SP-DirGrowth,13.9,6,23.2,39.7,high
Kotak Liquid Fund,5.3,3,5.6,4.3,medium
Kotak Low Duration Fund,6.9,3,5.4,6.2,medium
Kotak Medium Term Fund,6.6,3,4.0,7.0,medium
Kotak Money Market Fund,6.1,3,5.6,5.1,medium
Kotak Multi Asset Allocator FoF – Dynamic – Direct Growth,15.3,5,11.2,25.0,high
Kotak Overnight Fund,8.9,1,5.4,3.9,low
Kotak Savings Fund,6.2,3,5.5,5.2,medium
Kotak Small Cap Fund,17.0,6,-0.7,43.1,high
Kotak Tax Saver Fund,14.4,6,5.0,28.9,high
L&T Focused Equity Fund,11.3,6,-0.7,33.7,high
L&T India Large Cap Fund,12.1,6,0.8,33.0,high
LIC MF Arbitrage Fund,8.9,1,5.5,4.4,low
LIC MF Banking & Fina Serv Fund,8.5,6,13.9,22.7,high
LIC MF Banking & PSU Debt Fund,6.8,2,4.2,5.7,low
LIC MF Bond Fund,6.2,3,4.4,4.7,medium
LIC MF Children’s Gift Fund,7.6,6,-1.9,17.1,high
LIC MF Debt Hybrid Fund,6.7,4,2.5,8.1,medium
LIC MF Equity Hybrid Fund,8.3,6,-0.5,15.1,high
LIC MF Flexi Cap Fund,8.8,6,-0.9,18.3,high
LIC MF G-Sec Fund,7.7,2,3.3,4.9,low
LIC MF Infrastructure Fund,11.2,6,6.7,29.8,high
LIC MF Large & Mid Cap Fund,10.9,6,-4.3,22.8,high
LIC MF Large Cap Fund,10.9,6,-3.2,19.7,high
LIC MF Liquid Fund,5.3,3,5.6,4.4,medium
LIC MF Nifty 50 Index Fund,11.7,6,1.0,25.8,high
LIC MF Overnight Fund,8.9,1,5.4,3.9,low
LIC MF S&P BSE Sensex Index Fund,12.6,6,2.2,25.4,high
LIC MF Savings Fund,5.6,2,5.0,5.9,low
LIC MF Short Term Debt Fund,8.9,3,3.7,5.7,medium
LIC MF Tax Plan – Direct Growth,9.9,6,-1.9,20.5,high
LIC MF Ultra Short Term Fund,8.9,1,5.0,4.5,low
Mahindra Manulife Aggressive Hybrid Fund,8.9,6,2.7,24.6,high
Mahindra Manulife Consumption Fund,8.9,6,5.7,21.3,high
Mahindra Manulife Dynamic Bond Fund,8.9,3,3.4,4.4,medium
Mahindra Manulife ELSS Fund,12.0,6,2.3,29.3,high
Mahindra Manulife Equity Savings Fund,13.3,4,1.7,32.4,medium
Mahindra Manulife Large & Mid Cap Fund,8.9,6,-1.1,30.4,high
Mahindra Manulife Large Cap Fund,8.9,6,0.3,25.7,high
Mahindra Manulife Liquid Fund,5.4,3,5.7,4.5,medium
Mahindra Manulife Low Duration Fund,6.4,3,5.2,5.5,medium
Mahindra Manulife Mid Cap Fund,14.7,6,3.7,31.0,high
Mahindra Manulife Multi Cap Fund,15.8,6,1.2,32.6,high
Mahindra Manulife Overnight Fund,8.9,1,5.4,3.9,low
Mahindra Manulife Short Duration Fund,8.9,3,4.4,18.52534678436317,medium
Mahindra Manulife Ultra Short Duration Fund,8.9,2,5.5,5.1,low
Mirae Asset Banking and PSU Debt Fund,8.9,2,3.7,18.52534678436317,low
Mirae Asset Cash Management Fund,5.3,2,5.6,4.3,low
Mirae Asset Corporate Bond Fund,8.9,2,3.7,18.52534678436317,low
Mirae Asset Dynamic Bond Fund,7.2,3,2.8,4.5,medium
Mirae Asset Emerging Bluechip Fund,15.1,6,-1.2,29.4,high
Mirae Asset Equity Savings Fund,8.9,4,3.7,16.1,medium
Mirae Asset Focused Fund,8.9,6,-4.9,28.4,high
Mirae Asset Great Consumer Fund,14.0,6,8.1,27.2,high
Mirae Asset Healthcare Fund,8.9,6,-10.7,25.0,high
Mirae Asset Hybrid – Equity Fund,12.2,6,1.7,21.9,high
Mirae Asset Large Cap Fund,12.1,6,0.6,25.3,high
Mirae Asset Midcap Fund,8.9,6,1.2,35.0,high
Mirae Asset Money Market Fund,8.9,2,5.3,18.52534678436317,low
Mirae Asset Overnight Fund,8.9,1,5.4,3.9,low
Mirae Asset Savings Fund,5.9,2,5.2,5.6,low
Mirae Asset Short Term Fund,6.7,2,4.5,6.1,low
Mirae Asset Tax Saver Fund,15.3,6,0.6,30.3,high
Mirae Asset Ultra Short Duration Fund,8.9,2,5.5,18.52534678436317,low
Motilal Oswal Balance Advantage Fund,5.6,6,0.3,9.9,high
Motilal Oswal Equity Hybrid Fund,13.3,6,1.7,32.4,high
Motilal Oswal Flexi Cap Fund,4.9,6,-1.6,16.4,high
Motilal Oswal Focused Fund,10.6,6,2.6,20.4,high
Motilal Oswal Large and Midcap Fund,8.9,6,10.7,28.9,high
Motilal Oswal Liquid Fund,8.9,2,5.2,3.8,low
Motilal Oswal Long Term Equity Fund,10.0,6,8.5,25.0,high
Motilal Oswal Midcap Fund,16.4,6,14.6,34.0,high
Motilal Oswal Nasdaq 100 FOF – Direct Growth,8.9,6,-6.2,21.4,high
Motilal Oswal Nifty 50 Index Fund,8.9,6,0.1,26.0,high
Motilal Oswal Nifty 500 Index Fund,8.9,6,-1.2,26.7,high
Motilal Oswal Nifty Bank Index Fund,8.9,6,10.8,25.0,high
Motilal Oswal Nifty Midcap 150 Index Fund,8.9,6,4.8,33.7,high
Motilal Oswal Nifty Next 50 Index Fund,8.9,6,-5.9,21.8,high
Motilal Oswal Nifty Smallcap 250 Index Fund,8.9,6,-4.8,37.1,high
Motilal Oswal Ultra Short Term Fund,1.8,1,4.7,3.9,low
Navi 3 In 1 Fund,12.4,6,0.2,32.6,high
Navi ELSS Tax Saver Fund,10.5,6,1.3,23.4,high
Navi Equity Hybrid Fund,8.9,6,3.2,19.7,high
Navi Flexi Cap Fund,8.9,6,2.1,25.9,high
Navi Large & Midcap Fund,12.7,6,1.6,28.7,high
Navi Large Cap Equity Fund,12.4,6,0.2,32.6,high
Navi Regular Savings Fund,6.5,4,4.4,8.4,medium
Navi Ultra Short Term Fund,13.3,2,1.7,32.4,low
Nippon India Arbitrage Fund,5.7,1,5.6,4.9,low
Nippon India Balanced Advantage Fund,10.1,5,5.3,17.1,high
Nippon India Banking & PSU Debt Fund,7.4,3,4.2,6.9,medium
Nippon India Banking&Financial Services-DirGrowth,9.5,6,8.8,28.3,high
Nippon India Consumption Fund,14.6,6,12.1,30.6,high
Nippon India Corporate Bond Fund,7.0,3,5.1,6.8,medium
Nippon India Credit Risk Fund,4.4,5,4.8,9.5,high
Nippon India Dynamic Bond Fund,6.7,3,3.6,5.6,medium
Nippon India Equity Hybrid Fund,5.9,5,4.2,24.3,high
Nippon India Equity Savings Fund,1.3,2,3.9,12.2,low
Nippon India Floating Rate Fund,7.1,3,4.5,6.9,medium
Nippon India Focused Equity Fund,11.9,6,3.2,33.0,high
Nippon India Gold Savings Fund,13.1,5,14.2,11.7,high
Nippon India Growth Fund,14.5,6,5.6,32.4,high
Nippon India GSF – Direct Growth,8.3,2,4.4,5.5,low
Nippon India Hybrid Bond Fund,3.4,6,5.1,9.6,high
Nippon India Income Fund,7.9,2,6.0,5.8,low
Nippon India Index Fund,13.0,6,1.5,25.6,high
Nippon India Index Fund,11.9,6,0.9,26.0,high
Nippon India Large Cap Fund,12.6,6,8.4,29.5,high
Nippon India Liquid Fund,5.4,2,5.6,4.4,low
Nippon India Low Duration Fund,6.5,2,5.3,6.2,low
Nippon India Money Market Fund,6.3,3,5.7,5.3,medium
Nippon India Multi Cap Fund,13.2,6,10.7,33.7,high
Nippon India Nifty Next 50 Junior BeES FoF-Dir Growth,8.9,6,-5.8,21.8,high
Nippon India Overnight Fund,8.9,1,5.4,3.9,low
Nippon India Pharma Fund,15.6,6,-7.0,24.7,high
Nippon India Power & Infra Fund,10.1,6,20.4,37.2,high
Nippon India Quant Fund,11.9,6,5.0,26.9,high
Nippon India Retirement Fund,7.4,4,4.0,8.4,medium
Nippon India Retirement Fund,6.7,6,1.3,25.3,high
Nippon India Short Term Fund,7.2,3,4.3,6.7,medium
Nippon India Small Cap Fund,16.8,6,8.7,47.6,high
Nippon India Strategic Debt Fund,-0.9,6,2.7,8.3,high
Nippon India Tax Saver (ELSS) Fund,6.5,6,1.8,27.3,high
Nippon India US Equity Opportunities Fund,13.3,6,1.7,32.4,high
Nippon India USD Fund,5.9,3,5.9,7.0,medium
Nippon India Value Fund,12.2,6,0.0,30.3,high
Nippon India Vision Fund,9.3,6,2.1,27.4,high
Parag Parikh Flexi Cap Fund,17.6,6,2.3,33.6,high
Parag Parikh Liquid Fund,8.9,2,5.3,4.0,low
Parag Parikh Tax Saver Fund,8.9,6,8.0,33.0,high
PGIM India Arbitrage Fund,5.2,1,5.3,4.5,low
PGIM India Banking&PSU Debt Fund,7.1,2,4.1,6.4,low
PGIM India Corporate Bond Fund,6.9,2,4.3,6.8,low
PGIM India Dynamic Bond Fund,7.4,2,4.6,5.7,low
PGIM India Elss Tax Saver Fund,13.7,6,2.9,31.8,high
PGIM India Equity Savings Fund,8.0,2,4.3,12.6,low
PGIM India Flexi Cap Fund,15.7,6,-2.3,34.0,high
PGIM India GEO Fund,14.1,6,-7.9,18.9,high
PGIM India Gilt Fund,7.0,3,4.2,5.3,medium
PGIM India Hybrid Equity Fund,9.0,6,4.0,20.6,high
PGIM India Large Cap Fund,10.9,6,4.7,24.1,high
PGIM India Liquid Fund,5.4,2,5.6,4.4,low
PGIM India Low Duration Fund,2.0,2,5.5,4.3,low
PGIM India Midcap Opportunities Fund,19.0,6,2.0,42.9,high
PGIM India Money Market Fund,8.9,2,5.7,5.1,low
PGIM India Overnight Fund,8.9,1,5.4,3.9,low
PGIM India Short Duration Fund,4.6,2,4.5,6.3,low
PGIM India Ultra Short Duration Fund,7.3,2,5.5,5.2,low
Quant Absolute Fund,19.1,6,7.3,38.2,high
Quant Active Fund,19.9,6,1.0,45.5,high
Quant Flexi Cap Fund,18.2,6,6.8,47.7,high
Quant Focused Fund,13.1,6,5.2,33.7,high
Quant Infrastructure Fund,21.1,6,5.6,61.5,high
Quant Large and Mid Cap Fund,14.2,6,6.9,33.0,high
Quant Liquid Plan – Direct Growth,5.9,2,5.6,4.9,low
Quant Mid Cap Fund,19.8,6,8.8,45.1,high
Quant Multi Asset Fund,20.5,6,10.6,42.6,high
Quant Small Cap Fund,23.2,6,5.4,71.4,high
Quant Tax Plan- Direct Growth,22.2,6,0.9,54.9,high
Quantum Dynamic Bond Fund,6.9,3,5.4,5.9,medium
Quantum Equity Fund,9.1,6,-0.5,22.9,high
Quantum Gold Savings Fund,13.0,5,14.3,11.7,high
Quantum Liquid Fund,4.9,1,5.4,4.0,low
Quantum Long Term Equity Value Fund,8.8,6,2.4,26.5,high
Quantum Multi Asset Fund,8.1,4,5.5,12.4,medium
Quantum Tax Saving Fund,8.9,6,2.9,26.6,high
SBI Arbitrage Opportunities Fund,5.4,1,5.8,4.5,low
SBI Banking & Financial Services Fund,12.5,6,5.5,22.4,high
SBI Banking and PSU Fund,7.0,3,3.8,6.2,medium
SBI BlueChip Fund,11.4,6,4.2,27.0,high
SBI Conservative Hybrid Fund,8.8,5,6.2,13.8,high
SBI Consumption Opportunities Fund,12.7,6,11.1,31.0,high
SBI Contra Fund,15.6,6,15.0,43.4,high
SBI Corporate Bond Fund,8.9,2,4.1,6.4,low
SBI Credit Risk Fund,7.0,5,5.2,7.2,high
SBI Dynamic Bond Fund,7.9,3,5.9,5.9,medium
SBI Equity Hybrid Fund,10.8,6,-1.9,18.4,high
SBI Equity Minimum Variance – Direct Growth,8.9,6,4.9,27.0,high
SBI Equity Savings Fund,8.1,4,2.2,14.6,medium
SBI Flexi Cap Fund,11.0,6,-1.0,25.2,high
SBI Floating Rate Debt Fund,8.9,2,5.0,18.52534678436317,low
SBI FMP – Series 1 (3668 Days) – Direct Growth,8.9,3,4.8,6.2,medium
SBI Focused Equity Fund,12.2,6,-4.9,22.0,high
SBI Gold Fund,13.4,6,14.8,11.9,high
SBI Healthcare Opportunities Fund,13.6,6,-1.6,25.7,high
SBI Infrastructure Fund,13.0,6,12.8,33.5,high
SBI Large & Midcap Fund,13.6,6,6.5,30.2,high
SBI Liquid Fund,5.3,2,5.6,4.3,low
SBI Long Term Advantage Fund,19.5,4,0.1,43.3,medium
SBI Long Term Advantage Fund,15.4,4,1.1,36.2,medium
SBI Long Term Advantage Fund,14.5,4,0.5,35.5,medium
SBI Long Term Advantage Fund,14.0,4,1.0,36.4,medium
SBI Long Term Advantage Fund,8.9,4,4.5,28.2,medium
SBI Long Term Advantage Fund,8.9,4,-2.7,25.1,medium
SBI Long Term Equity Fund,11.6,6,8.7,30.1,high
SBI Magnum Children’s Benefit Fund,8.3,4,3.1,15.2,medium
SBI Magnum Comma Fund,11.3,6,-12.1,30.9,high
SBI Magnum Equity ESG Fund,12.2,6,-2.7,24.2,high
SBI Magnum Gilt Fund,8.3,3,5.7,6.1,medium
SBI Magnum Global Fund,11.5,6,1.6,24.1,high
SBI Magnum Income Fund,7.8,4,4.8,6.9,medium
SBI Magnum Low Duration Fund,6.4,3,5.2,5.6,medium
SBI Magnum Medium Duration Fund,7.9,4,4.6,7.2,medium
SBI Magnum Midcap Fund,13.5,6,6.4,37.0,high
SBI Magnum Ultra Short Duration Fund,6.1,2,5.2,5.1,low
SBI Multi Asset Allocation Fund,9.6,6,5.9,16.1,high
SBI Nifty Index Fund,11.8,6,0.9,26.0,high
SBI Overnight Fund,4.6,1,5.3,3.9,low
SBI PSU Fund,7.4,6,16.0,26.3,high
SBI Savings Fund,6.2,3,5.5,5.3,medium
SBI Short Term Debt Fund,6.8,2,4.6,6.4,low
SBI Small Cap Fund,15.3,6,8.2,38.3,high
SBI Tax Advantage Fund,21.8,4,1.9,41.1,medium
SBI Technology Opportunities Fund,21.0,6,-8.7,37.1,high
Shriram Balanced Advantage Fund,8.9,6,2.9,13.9,high
Shriram Flexi Cap Fund,8.9,6,1.4,21.5,high
Shriram Hybrid Equity Fund,8.9,6,0.7,17.7,high
Shriram Long Term Equity Fund,8.9,6,0.8,20.1,high
Sundaram Aggressive Hybrid Fund,9.7,5,1.2,21.7,high
Sundaram Arbitrage Fund,2.8,2,5.3,3.3,low
Sundaram Balanced Advantage Fund,7.2,4,3.9,11.9,medium
Sundaram Banking & PSU Debt Fund,6.1,2,3.5,5.0,low
Sundaram Consumption Fund,8.8,6,7.3,22.5,high
Sundaram Corporate Bond Fund,7.3,2,4.5,6.8,low
Sundaram Debt Oriented Hybrid Fund,6.2,3,4.1,11.6,medium
Sundaram Diversified Equity – Direct Growth,8.9,6,2.2,26.1,high
Sundaram Dividend Yield Fund,11.7,6,3.2,26.4,high
Sundaram Emerging Small Cap Series III – Dir Growth,8.9,2,9.4,43.7,low
Sundaram Emerging Small Cap Series IV – Dir Growth,8.9,4,6.7,41.4,medium
Sundaram Emerging Small Cap Series V – Dir Growth,8.9,6,7.6,42.3,high
Sundaram Emerging Small Cap Series VI – Dir Growth,8.9,6,7.8,41.9,high
Sundaram Emerging Small Cap Series VII – Dir Growth,8.9,6,8.0,36.9,high
Sundaram Equity Savings Fund,9.9,3,3.9,16.8,medium
Sundaram Fin Serv Opportunities – Direct Growth,12.6,6,11.4,25.9,high
Sundaram Focused Fund,13.1,6,-1.8,24.5,high
Sundaram Global Brand Fund,7.7,6,2.4,20.5,high
Sundaram Infrastructure Advantage Fund,9.1,6,7.3,32.5,high
Sundaram Large and Mid Cap Fund,11.7,6,-1.3,25.4,high
Sundaram Large Cap Fund,8.9,6,0.9,18.52534678436317,high
Sundaram Liquid Fund,3.3,2,5.7,4.2,low
Sundaram Low Duration Fund,1.8,2,5.6,4.9,low
Sundaram LT MC Tax Advantage Fund,9.5,6,1.4,42.8,high
Sundaram LT MC Tax Advantage Fund,9.8,6,3.8,44.8,high
Sundaram LT MC Tax Advantage Fund,8.6,6,3.5,42.3,high
Sundaram LT Tax Advantage Fund,8.9,6,5.4,46.9,high
Sundaram LT Tax Advantage Fund,12.5,6,4.0,29.2,high
Sundaram LT Tax Advantage Fund,11.5,6,4.4,29.6,high
Sundaram Medium Term Bond Fund,5.3,3,2.5,5.0,medium
Sundaram Mid Cap Fund,8.2,6,4.3,27.4,high
Sundaram Money Market Fund,8.9,1,5.4,4.7,low
Sundaram Multi Cap Fund,11.0,6,-2.2,28.1,high
Sundaram Multi Cap Fund,8.9,6,1.5,25.0,high
Sundaram Multi Cap Fund,8.9,6,1.6,25.0,high
Sundaram Nifty 100 Equal Weight Fund,8.2,6,-3.1,26.2,high
Sundaram Overnight Fund,8.9,2,5.4,3.9,low
Sundaram Services Fund,8.9,6,3.2,31.3,high
Sundaram Short Duration Fund,4.8,2,4.8,6.4,low
Sundaram Small Cap Fund,9.3,6,1.6,44.9,high
Sundaram Tax Savings Fund,9.9,6,1.2,27.7,high
Sundaram Ultra Short Duration Fund,4.5,3,5.7,4.7,medium
Tata Arbitrage Fund,8.9,1,5.7,5.0,low
Tata Balanced Advantage Fund,8.9,4,5.8,18.7,medium
Tata Banking & Financial Services Fund,12.6,6,11.9,23.2,high
Tata Banking & PSU Debt Fund,8.9,2,4.0,6.9,low
Tata Digital India Fund,22.1,6,-16.0,39.0,high
Tata Equity P/E Fund,10.0,6,6.6,27.8,high
Tata Equity Saving Fund,7.5,4,3.4,12.0,medium
Tata Ethical Fund,13.1,6,-1.6,27.9,high
Tata Flexi Cap Fund,8.9,6,-2.5,21.3,high
Tata Floating Rate Fund,8.9,2,5.6,18.52534678436317,low
Tata Focused Equity Fund,8.9,6,0.4,28.4,high
Tata Gilt Securities Fund,6.9,2,5.2,4.8,low
Tata Hybrid Equity Fund,10.5,6,6.2,22.8,high
Tata India Consumer Fund,10.6,6,2.8,23.0,high
Tata India Pharma & Healthcare Fund,14.8,6,-8.1,21.7,high
Tata India Tax Savings Fund,12.0,6,2.2,26.5,high
Tata Infrastructure Fund,13.1,6,14.0,35.0,high
Tata Large & Mid Cap Fund,14.0,6,8.8,33.5,high
Tata Large Cap Fund,11.3,6,1.8,25.7,high
Tata Liquid Fund,5.3,2,5.6,4.4,low
Tata Mid Cap Growth Fund,13.5,6,1.3,29.2,high
Tata Money Market Fund,4.8,3,5.7,5.6,medium
Tata Nifty 50 Index Fund,12.0,6,1.0,25.6,high
Tata Overnight Fund,8.9,1,5.4,3.9,low
Tata Resources & Energy Fund,15.5,6,-3.4,34.7,high
Tata Retirement Savings Fund,9.4,6,0.5,19.3,high
Tata Retirement Savings Fund,11.3,6,-0.7,33.7,high
Tata Retirement Savings Fund,7.1,4,2.1,9.5,medium
Tata S&P BSE Sensex Index Fund,12.8,6,2.4,25.1,high
Tata Short Term Bond Fund,5.8,2,4.7,6.6,low
Tata Small Cap Fund,8.9,6,17.1,44.1,high
Tata Treasury Advantage Fund,5.2,2,5.0,5.6,low
Tata Ultra Short Term Fund,8.9,2,5.5,5.1,low
Tata Young Citizens Fund,10.3,6,1.5,27.3,high
Taurus Banking & Financial Services-Direct Growth,11.9,6,9.0,21.9,high
Taurus Discovery (Midcap) Fund,10.9,6,3.6,26.4,high
Taurus Ethical Fund,11.4,6,-3.5,22.3,high
Taurus Flexi Cap Fund,5.4,6,-4.1,20.2,high
Taurus Infrastructure Fund,8.9,6,-0.7,25.3,high
Taurus Largecap Equity Fund,7.6,6,-2.5,19.5,high
Taurus Nifty 50 Index Fund,12.3,6,1.2,25.8,high
Taurus Tax Shield – Direct Growth,10.6,6,6.8,24.4,high
Templeton India Equity Income Fund,14.5,6,8.3,37.7,high
Templeton India Value Fund,12.3,6,13.1,39.4,high
TRUSTMF Banking & PSU Debt Fund,8.9,3,3.0,18.52534678436317,medium
TRUSTMF Liquid Fund,8.9,2,5.6,18.52534678436317,low
TRUSTMF Short Term Fund,8.9,2,4.2,18.52534678436317,low
Union Arbitrage Fund,8.9,1,5.0,4.4,low
Union Balanced Advantage Fund,10.2,3,3.6,18.3,medium
Union Corporate Bond Fund,8.9,2,3.1,6.2,low
Union Dynamic Bond Fund,6.0,3,2.6,4.7,medium
Union Equity Savings Fund,8.9,3,2.0,10.8,medium
Union Flexi Cap Fund,12.9,6,0.6,27.7,high
Union Focused Fund,8.9,6,-0.1,26.2,high
Union Large & Midcap Fund,8.9,6,0.7,27.6,high
Union Largecap Fund,9.9,6,0.1,24.3,high
Union Liquid Fund,4.6,2,5.7,4.4,low
Union Long Term Equity Fund,12.8,6,2.3,28.5,high
Union Medium Duration Fund,8.9,3,2.3,18.52534678436317,medium
Union Money Market Fund,8.9,2,5.4,18.52534678436317,low
Union Overnight Fund,8.9,1,5.4,3.9,low
Union Small Cap Fund,12.8,6,-0.1,37.1,high
Union Value Discovery Fund,8.9,6,2.9,29.7,high
UTI-Arbitrage Fund,5.5,1,5.4,4.7,low
UTI-Banking & PSU Debt Fund,5.6,3,11.0,7.9,medium
UTI-Banking and Financial Services Fund,6.7,6,8.2,24.4,high
UTI-Bond Fund,4.4,3,12.0,10.4,medium
UTI-CCF Investment Plan – Direct Growth,10.1,6,-3.3,24.1,high
UTI-Core Equity Fund,10.2,6,4.1,30.7,high
UTI-Corporate Bond Fund,8.9,2,4.2,6.5,low
UTI-Credit Risk Fund,-0.9,4,5.0,8.3,medium
UTI-Dividend Yield Fund,11.3,6,-1.5,26.8,high
UTI-Dynamic Bond Fund,6.3,3,12.5,11.0,medium
UTI-Equity Savings Fund,8.9,3,6.1,14.7,medium
UTI-Flexi Cap Fund,12.2,6,-9.0,22.5,high
UTI-Floater Fund,8.9,2,5.1,5.9,low
UTI-Gilt Fund,7.3,3,5.0,5.0,medium
UTI-Healthcare Fund,12.0,6,-9.0,22.0,high
UTI-Hybrid Equity Fund,9.8,6,5.3,25.8,high
UTI-India Consumer Fund,8.4,6,-0.5,18.0,high
UTI-Infrastructure Fund,9.4,6,12.9,28.0,high
UTI-Liquid – Cash Plan – Direct Growth,5.3,2,5.7,4.4,low
UTI-Long Term Equity Fund,10.9,6,-2.9,24.5,high
UTI-Mastershare – Direct Growth,11.5,6,-2.0,24.2,high
UTI-Medium Term Fund,4.6,3,3.7,5.4,medium
UTI-Mid Cap Fund,11.4,6,0.4,31.1,high
UTI-MNC Fund,7.9,6,3.3,18.1,high
UTI-Money Market Fund,6.2,3,5.6,5.3,medium
UTI-Multi Asset Fund,7.5,6,4.9,16.5,high
UTI-Nifty 50 Index Fund,12.0,6,0.9,26.2,high
UTI-Nifty Next 50 Index Fund,8.9,6,-6.4,22.2,high
UTI-Overnight Fund,4.6,1,5.4,3.9,low
UTI-Regular Savings Fund,7.2,4,3.7,13.5,medium
UTI-Retirement Benefit Pension Plan – Direct,7.5,5,5.2,17.2,high
UTI-Short Term Income Fund,5.4,3,5.0,8.5,medium
UTI-Transportation & Logistics Fund,5.1,6,14.1,32.9,high
UTI-Treasury Advantage Fund,4.8,2,5.2,7.3,low
UTI-Ultra Short Term Fund,5.7,3,5.4,6.1,medium
UTI-Unit Linked Insurance Plan – Direct,6.2,4,-0.7,13.1,medium
UTI-Value Opportunities Fund,12.2,6,1.7,27.2,high
WhiteOak Capital Liquid Fund,8.9,1,5.3,3.8,low
WhiteOak Capital Overnight Fund,13.3,1,1.7,32.4,low
WhiteOak Capital Ultra Short Term Fund,8.9,1,5.3,4.5,low
